<?xml version="1.0" encoding="UTF-8" standalone="yes"?>
<addon id="service.refreshchannel" name="Refresh channels"
	version="1.0.2" provider-name="Fazzani Heni">
  <extension library="default.py" point="xbmc.python.pluginsource">
        <provides>video</provides>
  </extension>
  <extension point="xbmc.addon.metadata">
    <summary lang="fr">Services spécifiques</summary>
    <description lang="fr">
      QQ services spécifiques
    </description>
    <platform>all</platform>
    <language>en</language>
    <email>tunisienheni@outlook.com</email>
  </extension>
</addon>
