<?xml version="1.0" encoding="UTF-8" standalone="yes"?>
<addon id="plugin.video.xbmctorrent" name="XBMCtorrent" version="1.0.0" provider-name="Heni">
    <requires>
      <import addon="xbmc.python" version="2.1.0"/>
		  <import addon="script.module.requests" version="2.4.3"/>  
    </requires>
    <extension point="xbmc.python.pluginsource" library="addon.py">
        <provides>video</provides>
    </extension>
    <extension point="xbmc.addon.metadata">
        <platform>all</platform>
        <language></language>
        <license><![CDATA[GNU GENERAL PUBLIC LICENSE. Version 3, 29 June 2007]]></license>
        <summary><![CDATA[XBMCtorrent: Torrent streaming for XBMC.]]></summary>
        <description><![CDATA[Watch torrents directly from XBMC, without waiting.]]></description>
    </extension>
</addon>
